"First Name","Last Name","Email","Company","Job Title","LinkedIn","Company Domain","Custom Subject Line","Custom First Line","Custom Second Line","Custom Third Line","Custom CTA","P.S. line","Custom Follow Up 1 First Line","Custom Follow Up 1 Second Line","Custom Follow Up 1 Third Line","Custom Follow Up 2","Custom Follow Up 3","Draft File"
"John","Dyer","john.dyer@farmblox.com","Farmblox","Co-founder & CTO","https://www.linkedin.com/in/john-dyer-661996105","farmblox.com","cop-r-lock hardware","COP-R-LOCK is a smart use of the Farmblox sensor network: from soil and tank readings to catching copper thieves on farm solar arrays, with an alarm on site.","Security raises the bar on uptime, tamper detection and power reserve, and deployments are growing fast for a small team.","I'm the CEO of CoreFragment. We build low-power hardware and firmware for connected field devices, from power design to the cloud link, under NDA with full IP transfer.","If extra hardware or firmware hands would help as you scale, I'd be happy to talk. Or if you'd enjoy a casual chat about off-grid sensing, I'm up for that too.","","Rural links drop, and an alarm event still has to reach the grower. We wrote about buffering, reconnect and backlog handling for exactly this: corefragment.com/blog/handle-mqtt-connection-loss","The same ideas apply whether the Farmblox monitor talks over cellular or something longer-range.","Parthraj","A different angle: each new sensor type you support means another driver, another power profile and another field test. We can take a defined sensor integration or a solar and battery sizing review off your plate, and hand back the design files and code.

Would that be useful?

Parthraj","I don't want to crowd your inbox. If you're covered, just let me know and I'll close this out. The offer of a casual technical chat stands.

Have a nice day!
Parthraj","drafts/email/2026-10-01-farmblox.md"
"Ross","O'Hanlon","ross@bioliberty.com","Bioliberty","Co-founder & CTO","https://www.linkedin.com/in/ross-o-hanlon-951109175","bioliberty.com","lifehub home firmware","A soft robotic glove that assists both opening and closing the hand is a thoughtful design for stroke rehab.","Taking it into patients' homes with Lifehub Home, I imagine the hard parts shift: pairing without a therapist in the room, OTA updates, and data that syncs over patchy home networks.","I'm the CEO of CoreFragment. We build firmware, hardware and companion apps for connected health devices, including a health monitoring hub and its app, under NDA with full IP transfer.","If extra hands would help, I'd be happy to talk. Or if you'd just enjoy a casual chat about home rehab devices, I'm up for that too.","","Home use is where wearables usually surprise their makers: batteries charged irregularly, phones left in another room, firmware updates interrupted halfway. We collected the common fixes here: corefragment.com/blog/medical-wearable-device-development-challenges-and-fix","Hope it's useful for the Lifehub Home rollout.","Parthraj","A different angle: the computer vision planned for Lifehub Clinic. We've built vision models for defect detection and can help choose a model that runs on your clinic hardware, or prototype the pipeline alongside your team.

Would a second opinion there be useful?

Parthraj","I don't want to crowd your inbox. If you're covered, just let me know and I'll close this out. And if a casual chat about rehab devices ever sounds good, the offer stands.

Have a nice day!
Parthraj","drafts/email/2026-09-29-bioliberty.md"
"Kyle","Pina","kyle@encoratherapeutics.com","Encora Therapeutics","Co-Founder, VP of Engineering","https://www.linkedin.com/in/kyle-pina","encoratherapeutics.com","encora x1 launch build","Congratulations on the X1 clearance. Reading each patient's tremor rhythm and answering with mechanical stimulation, in a watch-sized device, is clever engineering.","The step from clinical units to a commercial build usually brings its own list: DFM, battery life, test fixtures, firmware hardening.","I'm the CEO of CoreFragment. We build medical wearable firmware and hardware (nRF52, STM32, low-power design, BLE companion apps), including the BLE firmware and apps for a US glucometer maker, under NDA with full IP transfer.","If extra hands for the launch build would help, I'd be happy to talk. Or a casual chat about wearable power budgets works too.","","All-day wrist wear with an actuator running is a tough power budget. We collected the problems we see most in medical wearables (battery, skin-contact sensing, pairing, data integrity) and how we fix them: corefragment.com/blog/medical-wearable-device-development-challenges-and-fix","Hope a point or two is useful for X1.","Parthraj","A different angle: once X1 ships, prescribers and patients will ask for a phone app to track tremor and therapy time. We built BLE firmware and Android/iOS apps for a US glucometer maker, from device to phone. If an app is on your list, we can take it end to end.

Parthraj","I don't want to crowd your inbox. If engineering for the launch is covered, just let me know and I'll close this out. A casual technical chat is always welcome.

Have a nice day!
Parthraj","drafts/email/2026-10-05-encora-therapeutics.md"
"Richard","Tøpholm","rt@cebreomedical.com","Cebreo Medical","Chief Technology Officer","https://www.linkedin.com/in/richard-topholm","cebreomedical.com","neurobuds after the ce mark","Congratulations on the CE mark for NeuroBuds. Multi-day EEG from something that looks like a hearing aid, applied by the patient, is a hard problem solved in a patient-friendly way.","With European sites starting and the FDA path ahead, I imagine the team is stretched.","I'm the CEO of CoreFragment. We build firmware and companion apps for medical wearables, including BLE firmware and iOS/Android apps for a US glucometer maker, under NDA with full IP transfer.","If extra hands on firmware, apps or test tooling would help, I'd be happy to talk. Or if you'd just enjoy a casual technical chat, I'm up for that too.","","We wrote up the problems we see most often when a medical wearable moves from prototype to real patients (power, wireless reliability, verification): corefragment.com/blog/medical-wearable-device-development-challenges-and-fix","Some of it may be familiar from NeuroBuds. Hope it's useful.","Parthraj","A different angle: a US submission usually means more verification evidence, cybersecurity documentation and test automation around the device and app. We can build test tooling or take over a well-defined app or data-pipeline piece, so your core team stays on the FDA file.

Would that help?

Parthraj","I don't want to crowd your inbox in a launch month. If you're covered, just let me know and I'll close this out. The offer of a casual chat stands.

Have a nice day!
Parthraj","drafts/email/2026-09-30-cebreo-medical.md"
"Jens","Meichsner","jens.meichsner@stenon.io","Stenon","CTO & Managing Director","https://www.linkedin.com/in/jens-meichsner","stenon.io","farmlab on the machine","Getting impedance and NIR soil sensing into a handheld spade is impressive work. Moving it onto a machine, as Stenon plans this year, usually adds vibration, supply noise and long unattended runs.","I also saw the firmware role (Yocto plus STM32/ESP32) has been open since March.","I'm the CEO of CoreFragment. We build embedded Linux and MCU firmware and rugged boards, including machine automation for a European industrial company, under NDA with full IP transfer.","If extra firmware hands would help while you hire, I'd be happy to talk. Or if you'd just enjoy a casual technical chat, I'm up for that too.","","Farms in Mato Grosso or Central Asia won't always have a signal when the machine is working. We wrote about keeping data safe through connection loss (buffering, reconnect, backlog): corefragment.com/blog/handle-mqtt-connection-loss","The patterns apply whatever protocol the new platform uses. Hope it's useful.","Parthraj","A different angle: while your team builds the machine-integrated platform, FarmLab firmware still needs fixes and updates. We can take over maintenance of an existing product, document it and keep it moving, so the new platform gets your team's full attention.

Would that help?

Parthraj","I don't want to crowd your inbox during a busy launch year. If you're covered, just let me know and I'll close this out. The offer of a casual chat stands.

Have a nice day!
Parthraj","drafts/email/2026-09-29-stenon.md"
"Jong Yoon","Lee","jongyoon.lee@sibelhealth.com","Sibel Health","Co-founder & CTO","https://www.linkedin.com/in/jong-yoon-lee-33104613b","sibelhealth.com","anne edema patch","A soft patch that tracks lower-leg edema outside the clinic would give clinicians something they rarely have: an objective number between visits.","With ANNE One rolling out in Europe and ANNE Maternal newly cleared, I imagine the ARPA-H edema sensor lands on a firmware and hardware team that is already busy.","I'm the CEO of CoreFragment. We build firmware, hardware and BLE apps for medical wearables, including a US healthcare company's glucometer, under NDA with full IP transfer.","If extra hands on the edema prototype would help, I'd be happy to talk. Or if you'd just enjoy a casual chat about soft-sensor firmware, I'm up for that too.","","Most wearable trouble shows up after the bench: skin contact that drifts over days, radio drop-outs when the phone is in another room, batteries that age faster than planned. We wrote up the common fixes here: corefragment.com/blog/medical-wearable-device-development-challenges-and-fix","Might be useful as the edema patch moves toward first wear tests.","Parthraj","A different way we could help: take one defined piece off your core team, such as test fixtures, a sensor front-end bring-up or prototype firmware for the new patch, and hand back full source and design files.

That keeps your cleared products on your own people. Would that be useful?

Parthraj","I don't want to crowd your inbox. If you're covered, just let me know and I'll close this out. And if a casual chat about wearable firmware ever sounds good, the offer stands.

Have a nice day!
Parthraj","drafts/email/2026-09-29-sibel-health.md"
"Andrew","Brimer","andrew.brimer@wellinks.com","Wellinks","VP of Technology","https://www.linkedin.com/in/abrimer/","wellinks.com","spire hub, rural homes","Health tags that stick to clothing, survive the wash and track breathing for a year are a genuinely patient-friendly way to monitor COPD.","Taking Spire into CHF and into rural homes, I imagine the pressure moves to the hardware: a hub that holds data through weak cellular, and tag firmware that can grow with new conditions.","I'm the CEO of CoreFragment. We build firmware, hardware and apps for connected health devices, including a health monitoring hub and its app, under NDA with full IP transfer.","If extra hands would help, I'd be happy to talk. Or if you'd just enjoy a casual chat about home RPM hardware, I'm up for that too.","","Rural homes are where a hub's reconnect logic gets tested: cellular drops for hours, then returns with a backlog to send. We wrote about handling connection loss cleanly here: corefragment.com/blog/handle-mqtt-connection-loss","Whatever protocol your hub uses, the patterns carry over. Hope it's useful for the rollout.","Parthraj","A different angle: hardware that arrives through an acquisition often lacks someone who knows its firmware inside out. We take on existing device firmware, document it, and keep it moving: fixes, OTA updates, new features.

Would that be useful for the Spire tags or hub?

Parthraj","I don't want to crowd your inbox in a new role. If you're covered, just let me know and I'll close this out. And if a casual chat about RPM hardware ever sounds good, the offer stands.

Have a nice day!
Parthraj","drafts/email/2026-09-28-wellinks.md"
"Michael","Kaluza","michael.kaluza@diamontech.de","DiaMonTech AG","Chief Technology Officer","https://www.linkedin.com/in/michael-kaluza-a4428b114","diamontech.de","d-pocket connectivity","Thorsten's Health Electronics Summit piece rang true: non-invasive glucose monitoring is a marathon.","Shrinking a mid-infrared laser system into the D-Pocket, and keeping it secure by design as connectivity is added, is serious engineering.","I'm the CEO of CoreFragment. We build medical-device firmware and companion apps, including the BLE firmware and Android/iOS apps for a US healthcare company's glucometer, under NDA with full IP transfer.","If extra hands on D-Pocket connectivity or firmware would help, I'd be happy to talk. Or a casual chat about secure BLE in medical devices works too.","","The hard parts of a handheld medical device often show up late: power budget, pairing reliability, and data integrity between device and app. We wrote down the ones we see most and how we fix them: corefragment.com/blog/medical-wearable-device-development-challenges-and-fix","Some of it may apply to the D-Pocket.","Parthraj","A short case study: BLE firmware plus Android and iOS apps for a US healthcare company's glucometer, from device to phone. corefragment.com/case-study/smart-glucometer

If the D-Pocket's app and connectivity layer needs a team that has done this before, we can take it as a defined block.

Parthraj","I don't want to crowd your inbox. If D-Pocket engineering is covered, just let me know and I'll close this out. The offer of a casual technical chat stands.

Have a nice day!
Parthraj","drafts/email/2026-10-05-diamontech.md"
"Alla","Kitov","alla.kitov@tidalsense.com","TidalSense","Head of Product","https://www.linkedin.com/in/allakitov","tidalsense.com","n-tidal handset","N-Tidal is a clever idea: 75 seconds of normal breathing instead of forced spirometry, from a handset that sends its data over 4G.","With asthma diagnostics and a US launch on the roadmap, I imagine the handset will need new hardware and firmware work alongside the regulatory push.","I'm the CEO of CoreFragment. We build medical-device electronics, low-power firmware and companion apps under NDA with full IP transfer, including the BLE firmware and apps for a US healthcare company's glucometer.","If extra engineering hands would help, I'd be happy to talk. Or a casual chat about connected respiratory devices works too.","","When a connected device goes to a new market, the cost isn't only the hardware: it's firmware, connectivity, cloud and the documentation around them. We broke down where the money goes in IoMT development: corefragment.com/blog/iomt-development-services-cost-breakdown","Might help when you scope the US handset.","Parthraj","A different angle: remote monitoring. We built a connected health monitoring hub with its app and cloud, so patient readings reach clinicians without manual steps. If N-Tidal Capture needs a lighter home device or a new data path, we can take it as a fixed-scope project with all source and design files handed over.

Worth a look?

Parthraj","I don't want to crowd your inbox. If engineering capacity is covered, just let me know and I'll close this out. The offer of a casual technical chat stands.

Have a nice day!
Parthraj","drafts/email/2026-10-06-tidalsense.md"
